stock,price,timestamp
TESLA,253.14,1776195203.6937
GOOGLE,136.49,1776195204.6075
TESLA,253.43,1776195205.4099
AMAZON,132.09,1776195206.2194
MICROSOFT,314.07,1776195207.0405
GOOGLE,131.98,1776195207.8464
AMAZON,125.9,1776195208.6536
META,300.1,1776195209.4649
AMAZON,132.67,1776195210.2695
TESLA,255.62,1776195211.0744
META,297.63,1776195211.877
APPLE,179.02,1776195212.6863
AMAZON,131.18,1776195213.491
META,296.67,1776195214.2932
META,300.19,1776195215.1068
NETFLIX,394.46,1776195215.9186
GOOGLE,137.93,1776195216.7208
APPLE,178.4,1776195217.5346
AMAZON,138.56,1776195218.3448
META,303.61,1776195219.1498
META,311.54,1776195219.9552
META,306.09,1776195220.7611
MICROSOFT,315.02,1776195221.5736
NETFLIX,390.22,1776195222.3792
AMAZON,132.75,1776195223.1798
AMAZON,131.94,1776195223.9842
AMAZON,139.98,1776195224.7888
AMAZON,148.35,1776195225.5892
GOOGLE,135.63,1776195226.393
TESLA,253.0,1776195227.2007
NETFLIX,390.2,1776195228.0033
NETFLIX,405.13,1776195758.0953
MICROSOFT,314.77,1776195759.0139
GOOGLE,141.37,1776195759.82
MICROSOFT,321.3,1776195760.6246
TESLA,251.26,1776195761.431
TESLA,251.85,1776195762.2354
GOOGLE,134.92,1776195763.047
TESLA,252.8,1776195763.8575
NETFLIX,413.61,1776195764.6679
META,300.99,1776195765.472
AMAZON,124.16,1776195766.2781
AMAZON,130.95,1776195767.0813
TESLA,253.03,1776195767.8848
AMAZON,128.88,1776195768.6933
GOOGLE,130.87,1776195769.4945
APPLE,168.6,1776195770.3103
NETFLIX,408.62,1776195771.1163
GOOGLE,124.93,1776195771.9215
AMAZON,135.26,1776195772.7261
MICROSOFT,321.24,1776195773.5399
GOOGLE,129.75,1776195774.3456
NETFLIX,409.87,1776195775.1485
TESLA,258.29,1776195775.9598
GOOGLE,131.12,1776195776.7745
NETFLIX,415.44,1776195777.581
APPLE,172.93,1776195778.3866
TESLA,264.08,1776195779.2032
APPLE,172.79,1776195780.0109
APPLE,170.19,1776195780.8168
NETFLIX,410.37,1776195781.6279
AMAZON,139.52,1776195782.437
META,300.67,1776195783.2397
TESLA,261.07,1776195784.0546
META,308.79,1776195784.8686
MICROSOFT,324.74,1776195785.6813
MICROSOFT,325.2,1776195786.4835
GOOGLE,132.02,1776195787.2914
MICROSOFT,321.8,1776195788.1051
NETFLIX,415.06,1776195788.9204
META,312.41,1776195789.723
TESLA,265.06,1776195790.5332
AMAZON,146.05,1776195791.3353
APPLE,165.82,1776195792.1412
APPLE,162.66,1776195792.9532
NETFLIX,419.04,1776195793.7591
TESLA,259.77,1776195794.5653
AMAZON,143.7,1776195795.3693
GOOGLE,125.62,1776195796.181
TESLA,255.36,1776195796.9818
META,320.26,1776195797.7867
APPLE,159.54,1776195798.596
APPLE,156.64,1776195799.403
NETFLIX,414.75,1776195800.2187
META,317.49,1776195801.0285
GOOGLE,121.0,1776195801.8428
GOOGLE,122.95,1776195802.6461
META,315.29,1776195803.4614
TESLA,260.61,1776195804.2618
NETFLIX,416.15,1776195805.077
NETFLIX,414.92,1776195805.8869
META,320.27,1776195806.6959
GOOGLE,124.74,1776195807.4968
APPLE,160.27,1776195808.3083
GOOGLE,130.54,1776195809.1101
GOOGLE,131.79,1776195809.917
NETFLIX,421.23,1776195810.7248
TESLA,262.1,1776195811.5333
TESLA,256.37,1776195812.336
APPLE,167.47,1776195813.1456
TESLA,252.29,1776195813.9538
TESLA,259.64,1776195814.7581
APPLE,164.68,1776195815.5657
APPLE,165.93,1776195816.3819
AMAZON,137.24,1776195817.19
GOOGLE,133.31,1776195817.992
META,326.35,1776195818.7966
TESLA,255.94,1776195819.602
NETFLIX,415.08,1776195820.4167
META,331.07,1776195821.2383
APPLE,162.18,1776195822.04
META,328.02,1776195822.842
META,328.65,1776195823.6435
APPLE,163.9,1776195824.4502
NETFLIX,410.39,1776195825.2575
APPLE,160.08,1776195826.0676
META,331.8,1776195826.8725
GOOGLE,141.41,1776195827.6843
META,332.45,1776195828.4881
TESLA,263.69,1776195829.2887
GOOGLE,148.24,1776195830.0937
META,333.07,1776195830.9015
MICROSOFT,320.34,1776195831.7048
AMAZON,135.27,1776195832.5169
META,335.06,1776195833.3233
GOOGLE,145.39,1776195834.1294
AMAZON,131.9,1776195834.9438
META,328.73,1776195835.7589
APPLE,156.34,1776195836.5693
GOOGLE,141.15,1776195837.3753
META,327.6,1776195838.1778
META,324.98,1776195838.9838
TESLA,266.08,1776195839.7884
APPLE,150.67,1776195840.5961
META,332.04,1776195841.4044
TESLA,264.3,1776195842.2295
AMAZON,127.66,1776195843.039
APPLE,151.51,1776195843.8459
AMAZON,121.35,1776195844.6506
GOOGLE,137.36,1776195845.4652
APPLE,157.74,1776195846.2728
NETFLIX,405.31,1776195847.0852
GOOGLE,136.72,1776195847.8992
GOOGLE,145.19,1776195848.7179
NETFLIX,401.99,1776195849.529
GOOGLE,146.91,1776195850.3408
AMAZON,121.47,1776195851.1521
META,338.66,1776195851.9643
TESLA,261.27,1776195852.7726
AMAZON,116.76,1776195853.5789
TESLA,265.93,1776195854.3958
AMAZON,124.5,1776195855.2072
MICROSOFT,327.41,1776195856.0181
APPLE,166.08,1776195856.8205
GOOGLE,145.42,1776195857.6246
GOOGLE,151.5,1776195858.4427
NETFLIX,399.11,1776195859.2612
APPLE,168.42,1776195860.065
META,346.96,1776195860.8711
MICROSOFT,335.57,1776195861.6819
AMAZON,121.45,1776195862.4988
NETFLIX,405.55,1776195863.3102
MICROSOFT,330.55,1776195864.1227
APPLE,169.15,1776195864.9416
MICROSOFT,333.05,1776195865.746
TESLA,264.18,1776195866.5539
NETFLIX,401.84,1776195867.3722
GOOGLE,148.94,1776195868.1819
MICROSOFT,330.01,1776195868.9988
MICROSOFT,332.44,1776195869.8022
META,347.1,1776195870.6081
NETFLIX,402.82,1776195871.4124
MICROSOFT,332.13,1776195872.2241
APPLE,172.06,1776195873.0302
TESLA,269.67,1776195873.8341
AMAZON,119.48,1776195874.6428
META,352.42,1776195875.4536
NETFLIX,404.0,1776195876.2651
NETFLIX,398.4,1776195877.0824
NETFLIX,401.73,1776195877.8956
GOOGLE,150.75,1776195878.7084
AMAZON,114.74,1776195879.5182
APPLE,169.74,1776195880.3329
GOOGLE,154.79,1776195881.1417
MICROSOFT,330.31,1776195881.9475
APPLE,177.74,1776195882.7547
TESLA,266.34,1776195883.5646
META,352.57,1776195884.3802
TESLA,262.18,1776195885.209
APPLE,172.29,1776195886.0114
NETFLIX,396.94,1776195886.8177
MICROSOFT,328.13,1776195887.6277
GOOGLE,156.74,1776195888.4366
MICROSOFT,322.78,1776195889.243
META,347.08,1776195890.0488
META,347.7,1776195890.851
GOOGLE,153.4,1776195891.6774
GOOGLE,159.97,1776195892.4902
AMAZON,116.67,1776195893.2952
NETFLIX,393.58,1776195894.1095
APPLE,170.66,1776195894.9202
NETFLIX,395.69,1776195895.7322
AMAZON,113.51,1776195896.5377
NETFLIX,401.9,1776195897.3444
META,345.58,1776195898.1628
AMAZON,113.19,1776195898.9694
META,346.65,1776195899.7719
APPLE,168.7,1776195900.5789
MICROSOFT,319.23,1776195901.3963
META,341.43,1776195902.2038
NETFLIX,407.85,1776195903.0207
AMAZON,111.42,1776195903.837
AMAZON,116.37,1776195904.6541
TESLA,264.25,1776195905.4713
GOOGLE,153.55,1776195906.2852
TESLA,261.15,1776195907.1004
NETFLIX,414.05,1776195907.9041
APPLE,162.86,1776195908.7104
GOOGLE,153.1,1776195909.5251
MICROSOFT,314.08,1776195910.3408
GOOGLE,149.23,1776195911.1483
AMAZON,112.09,1776195911.9584
AMAZON,109.92,1776195912.766
APPLE,169.02,1776195913.5774
AMAZON,111.99,1776195914.3913
TESLA,264.04,1776195915.2022
GOOGLE,153.47,1776195916.0079
APPLE,168.92,1776195916.8122
APPLE,177.4,1776195917.6179
TESLA,270.81,1776195918.424
META,341.94,1776195919.2363
NETFLIX,413.96,1776195920.0479
GOOGLE,147.11,1776195920.8697
NETFLIX,422.4,1776195921.6836
AMAZON,107.47,1776195922.4867
APPLE,185.2,1776195923.299
AMAZON,115.39,1776195924.1067
MICROSOFT,315.29,1776195924.924
META,335.92,1776195925.7314
TESLA,279.07,1776195926.545
AMAZON,121.7,1776195927.3493
TESLA,281.98,1776195928.1549
TESLA,280.07,1776195928.962
GOOGLE,148.56,1776195929.7703
AMAZON,126.34,1776195930.573
GOOGLE,152.0,1776195931.3777
GOOGLE,160.43,1776195932.1945
META,334.72,1776195932.9984
AMAZON,131.94,1776195933.8082
AMAZON,125.63,1776195934.6227
MICROSOFT,310.34,1776195935.4279
TESLA,277.83,1776195936.2424
AMAZON,125.62,1776195937.0466
GOOGLE,163.92,1776195937.851
META,328.58,1776195938.6665
TESLA,271.35,1776195939.4695
AMAZON,119.32,1776195940.2758
TESLA,270.36,1776195941.0804
TESLA,265.81,1776195941.8952
GOOGLE,159.32,1776195942.7123
AMAZON,120.0,1776195943.521
AMAZON,115.12,1776195944.3346
TESLA,260.89,1776195945.1514
AMAZON,116.33,1776195945.9566
MICROSOFT,306.5,1776195946.7613
AMAZON,120.82,1776195947.5762
NETFLIX,423.92,1776195948.386
MICROSOFT,312.22,1776195949.1902
TESLA,263.25,1776195949.9954
MICROSOFT,307.79,1776195950.8043
MICROSOFT,302.87,1776195951.6122
AMAZON,123.73,1776195952.419
NETFLIX,423.81,1776195953.2328
MICROSOFT,307.83,1776195954.0367
GOOGLE,155.54,1776195954.8456
APPLE,192.88,1776195955.6496
NETFLIX,423.35,1776195956.4675
AMAZON,124.69,1776195957.2868
NETFLIX,431.37,1776195958.0977
GOOGLE,162.61,1776195958.9027
MICROSOFT,314.31,1776195959.7089
META,335.96,1776195960.5153
META,331.59,1776195961.331
TESLA,260.92,1776195962.1399
AMAZON,126.33,1776195962.9447
AMAZON,122.94,1776195963.7558
NETFLIX,434.86,1776195964.563
APPLE,196.88,1776195965.3832
TESLA,259.34,1776195966.1871
APPLE,205.37,1776195966.9929
NETFLIX,429.65,1776195967.799
AMAZON,129.19,1776195968.6047
NETFLIX,429.69,1776195969.41
GOOGLE,166.49,1776195970.2146
APPLE,200.51,1776195971.0204
APPLE,201.03,1776195971.829
META,330.14,1776195972.6428
APPLE,198.36,1776195973.4522
META,336.42,1776195974.2623
AMAZON,123.82,1776195975.0785
GOOGLE,168.56,1776195975.8879
MICROSOFT,313.85,1776195976.702
AMAZON,131.65,1776195977.5112
AMAZON,137.09,1776195978.3209
TESLA,263.81,1776195979.1268
AMAZON,134.04,1776195979.9421
AMAZON,131.2,1776195980.7452
TESLA,266.74,1776195981.5554
APPLE,195.73,1776195982.3694
NETFLIX,432.38,1776195983.183
APPLE,199.4,1776195983.9944
NETFLIX,434.36,1776195984.8029
MICROSOFT,321.11,1776195985.6121
AMAZON,131.93,1776195986.4195
APPLE,201.15,1776195987.237
META,343.71,1776195988.0528
APPLE,209.51,1776195988.8648
APPLE,203.45,1776195989.6795
APPLE,198.94,1776195990.4922
AMAZON,130.94,1776195991.3023
GOOGLE,171.87,1776195992.1229
APPLE,195.92,1776195992.9269
NETFLIX,439.64,1776195993.7322
META,344.97,1776195994.546
NETFLIX,437.46,1776195995.3484
AMAZON,128.44,1776195996.1617
MICROSOFT,328.2,1776195996.9737
NETFLIX,437.78,1776195997.7842
AMAZON,128.17,1776195998.5958
META,346.53,1776195999.4037
NETFLIX,438.01,1776196000.2174
META,348.67,1776196001.0295
MICROSOFT,331.15,1776196001.8355
META,344.63,1776196002.6477
GOOGLE,167.81,1776196003.4718
APPLE,196.26,1776196004.2842
MICROSOFT,326.29,1776196005.093
AMAZON,135.24,1776196005.9109
AMAZON,133.24,1776196006.7267
GOOGLE,168.96,1776196007.5417
NETFLIX,439.69,1776196008.3558
AMAZON,137.34,1776196009.1614
GOOGLE,170.15,1776196009.9751
AMAZON,133.49,1776196010.7879
TESLA,262.38,1776196011.5906
TESLA,262.69,1776196012.3984
NETFLIX,446.64,1776196013.2026
GOOGLE,175.99,1776196014.0149
AMAZON,139.48,1776196014.8836
TESLA,258.56,1776196015.6976
GOOGLE,172.77,1776196016.5049
TESLA,259.31,1776196017.3081
AMAZON,141.97,1776196018.118
AMAZON,149.69,1776196018.9253
APPLE,191.96,1776196019.7388
NETFLIX,442.74,1776196020.5523
MICROSOFT,331.03,1776196021.3629
TESLA,255.4,1776196022.1653
APPLE,186.65,1776196022.9713
MICROSOFT,336.31,1776196023.7839
TESLA,250.36,1776196024.5939
AMAZON,157.72,1776196025.4016
APPLE,193.88,1776196026.2107
MICROSOFT,342.24,1776196027.0239
AMAZON,163.06,1776196027.8326
NETFLIX,447.41,1776196028.6392
APPLE,197.72,1776196029.4531
MICROSOFT,347.29,1776196030.2559
NETFLIX,442.63,1776196031.0729
GOOGLE,175.83,1776196031.876
TESLA,250.25,1776196032.6898
GOOGLE,173.34,1776196033.5087
MICROSOFT,347.36,1776196034.3217
MICROSOFT,352.14,1776196035.1257
AMAZON,162.95,1776196035.9312
AMAZON,160.98,1776196036.7429
TESLA,243.86,1776196037.5657
NETFLIX,448.92,1776196038.3798
GOOGLE,176.81,1776196039.197
APPLE,196.32,1776196040.016
APPLE,200.6,1776196040.8198
MICROSOFT,350.8,1776196041.6291
GOOGLE,170.45,1776196042.4377
META,352.54,1776196043.2425
TESLA,248.48,1776196044.0544
MICROSOFT,345.16,1776196044.8715
TESLA,250.94,1776196045.6772
AMAZON,165.86,1776196046.4932
AMAZON,169.79,1776196047.3083
TESLA,249.05,1776196048.1225
APPLE,195.56,1776196048.9393
APPLE,203.77,1776196049.751
NETFLIX,445.37,1776196050.5618
APPLE,198.97,1776196051.3677
META,350.12,1776196052.1718
MICROSOFT,345.65,1776196052.9838
META,349.46,1776196053.7966
NETFLIX,444.79,1776196054.6119
AMAZON,168.2,1776196055.4239
APPLE,197.1,1776196056.2293
APPLE,193.27,1776196057.0325
TESLA,247.35,1776196057.8374
AMAZON,162.06,1776196058.6419
META,349.62,1776196059.4451
MICROSOFT,339.82,1776196060.2497
TESLA,252.23,1776196061.0583
APPLE,187.16,1776196061.8608
META,351.24,1776196062.6699
AMAZON,161.23,1776196063.4814
MICROSOFT,335.76,1776196064.3019
AMAZON,159.12,1776196065.1032
AMAZON,157.41,1776196065.9113
GOOGLE,167.63,1776196066.7249
MICROSOFT,334.05,1776196067.5265
AMAZON,156.73,1776196068.3337
AMAZON,162.33,1776196069.1384
AMAZON,166.76,1776196069.9531
TESLA,248.47,1776196070.7673
NETFLIX,447.31,1776196071.5707
GOOGLE,168.18,1776196072.374
AMAZON,169.4,1776196073.1797
AMAZON,173.77,1776196073.9878
APPLE,173.56,1776240437.1168
AMAZON,136.5,1776240438.0952
GOOGLE,143.81,1776240438.9104
GOOGLE,140.28,1776240439.7108
NETFLIX,398.73,1776240440.5648
MICROSOFT,323.46,1776240441.3785
MICROSOFT,331.92,1776240442.1809
TESLA,243.87,1776240442.9954
AMAZON,132.42,1776240443.7995
META,296.87,1776240444.6033
GOOGLE,135.51,1776240445.4196
AMAZON,139.77,1776240446.2229
NETFLIX,397.47,1776240447.0251
APPLE,171.17,1776240447.8397
TESLA,239.48,1776240448.6426
MICROSOFT,339.64,1776240449.4444
TESLA,238.05,1776240450.2577
NETFLIX,402.73,1776240451.0588
MICROSOFT,341.45,1776240451.8695
MICROSOFT,343.24,1776240452.6825
TESLA,245.11,1776240453.4946
GOOGLE,142.42,1776240454.2995
NETFLIX,396.95,1776240455.1097
MICROSOFT,342.0,1776240455.9192
MICROSOFT,350.26,1776240456.7541
TESLA,250.81,1776240457.6437
APPLE,170.86,1776240458.4999
TESLA,254.28,1776240459.3151
GOOGLE,144.76,1776240460.125
TESLA,250.17,1776240460.9361
NETFLIX,400.58,1776240461.7607
AMAZON,143.49,1776240462.5644
MICROSOFT,354.63,1776240463.4118
TESLA,248.15,1776240464.2242
GOOGLE,140.17,1776240465.0394
APPLE,172.61,1776240465.8538
NETFLIX,406.95,1776240466.6642
MICROSOFT,356.41,1776240467.4736
MICROSOFT,359.1,1776240468.3049
META,292.82,1776240469.119
TESLA,247.16,1776240469.9344
META,296.99,1776240470.7475
APPLE,167.21,1776240471.5725
MICROSOFT,353.88,1776240472.4347
META,303.09,1776240473.2524
TESLA,254.21,1776240474.0672
AMAZON,142.56,1776240474.8807
APPLE,162.24,1776240475.6975
MICROSOFT,350.22,1776240476.5279
META,306.33,1776240477.3474
NETFLIX,409.67,1776240478.1606
GOOGLE,137.04,1776240478.9714
AMAZON,140.81,1776240479.786
GOOGLE,133.69,1776240480.5991
APPLE,156.24,1776240481.415
APPLE,158.24,1776240482.2238
TESLA,257.18,1776240483.0354
GOOGLE,127.3,1776240483.8364
TESLA,253.98,1776240484.6515
NETFLIX,412.76,1776240485.4741
NETFLIX,413.3,1776240486.2861
TESLA,252.3,1776240487.0926
APPLE,153.72,1776240487.8989
AMAZON,134.93,1776240488.7115
META,306.32,1776240489.5289
TESLA,250.1,1776240490.3371
GOOGLE,129.29,1776240491.1526
NETFLIX,410.31,1776240491.9556
META,305.1,1776240492.7704
NETFLIX,409.03,1776240493.5735
TESLA,250.72,1776240494.374
NETFLIX,402.8,1776240495.1886
NETFLIX,408.21,1776240495.9912
AMAZON,140.06,1776240496.7939
MICROSOFT,349.8,1776240497.5997
META,306.14,1776240498.4033
META,306.54,1776240499.2033
GOOGLE,131.08,1776240500.0187
GOOGLE,138.34,1776240500.8299
MICROSOFT,351.54,1776240501.6311
META,311.0,1776240502.4472
TESLA,254.27,1776240503.2603
AMAZON,140.7,1776240504.0632
AMAZON,142.11,1776240504.8647
AMAZON,140.38,1776240505.8234
AMAZON,136.9,1776240506.6325
TESLA,262.56,1776240507.4636
META,304.99,1776240508.3939
META,311.25,1776240509.2588
NETFLIX,414.54,1776240510.0748
TESLA,261.27,1776240510.9019
TESLA,264.57,1776240511.7712
TESLA,263.97,1776240512.5823
MICROSOFT,345.04,1776240513.4287
APPLE,147.86,1776240514.3487
META,309.99,1776240515.2449
TESLA,259.11,1776240516.0951
APPLE,144.08,1776240516.9581
GOOGLE,132.85,1776240517.7829
NETFLIX,410.88,1776240518.6009
APPLE,144.78,1776240519.409
NETFLIX,404.49,1776240520.2302
TESLA,260.28,1776240521.0499
NETFLIX,402.11,1776240521.868
MICROSOFT,344.53,1776240522.7093
GOOGLE,137.32,1776240523.5891
MICROSOFT,349.13,1776240524.4286
TESLA,258.35,1776240525.2533
GOOGLE,145.15,1776240526.0836
AMAZON,133.06,1776240526.9241
APPLE,151.0,1776240527.8361
TESLA,263.16,1776240528.6688
APPLE,146.31,1776240529.496
APPLE,151.22,1776240530.3126
GOOGLE,139.48,1776240531.118
TESLA,261.36,1776240531.9285
APPLE,145.04,1776240532.7878
APPLE,149.63,1776240533.6165
AMAZON,128.08,1776240534.4541
NETFLIX,400.55,1776240535.3044
MICROSOFT,343.96,1776240536.1199
TESLA,261.28,1776240536.9379
MICROSOFT,350.68,1776240537.7516
NETFLIX,395.27,1776240538.5997
NETFLIX,395.21,1776240539.4138
MICROSOFT,351.46,1776240540.2238
GOOGLE,139.83,1776240541.0408
NETFLIX,400.97,1776240541.8721
APPLE,148.46,1776240542.6834
NETFLIX,397.69,1776240543.5323
TESLA,258.73,1776240544.3772
APPLE,150.42,1776240545.1878
TESLA,262.69,1776240546.025
NETFLIX,400.24,1776240546.8298
APPLE,151.61,1776240547.6605
APPLE,151.76,1776240548.4999
AMAZON,124.84,1776240549.3208
GOOGLE,143.24,1776240550.188
TESLA,266.87,1776240551.0209
NETFLIX,396.32,1776240551.8401
APPLE,159.08,1776240552.7096
MICROSOFT,345.91,1776240553.5415
META,306.31,1776240554.3826
TESLA,275.36,1776240555.2016
TESLA,276.89,1776240556.0299
NETFLIX,392.47,1776240556.8602
NETFLIX,400.77,1776240557.7136
NETFLIX,404.09,1776240558.5281
NETFLIX,410.29,1776240559.3964
META,307.85,1776240560.2299
META,310.44,1776240561.065
MICROSOFT,342.04,1776240561.8959
META,309.36,1776240562.7613
META,314.23,1776240563.6584
AMAZON,128.15,1776240564.6864
GOOGLE,143.35,1776240565.5211
NETFLIX,416.21,1776240566.326
APPLE,164.18,1776240567.1379
GOOGLE,137.35,1776240567.9631
NETFLIX,411.26,1776240568.7771
AMAZON,127.94,1776240569.5895
AMAZON,125.72,1776240570.4014
TESLA,283.89,1776240571.2202
MICROSOFT,343.16,1776240572.0345
NETFLIX,409.14,1776240572.849
TESLA,284.93,1776240573.664
GOOGLE,133.12,1776240574.4661
META,319.81,1776240575.2783
META,322.06,1776240576.1736
APPLE,166.8,1776240577.0308
APPLE,173.4,1776240577.8761
MICROSOFT,344.79,1776240578.705
AMAZON,122.66,1776240579.5975
META,319.05,1776240580.4543
AMAZON,131.09,1776240581.3096
APPLE,179.1,1776240582.171
APPLE,179.38,1776240583.0456
AMAZON,128.74,1776240583.9608
META,313.08,1776240584.7889
MICROSOFT,342.41,1776240585.6094
TESLA,290.16,1776240586.4235
TESLA,286.43,1776240587.2592
GOOGLE,129.81,1776240588.1017
META,317.13,1776242355.1776
NETFLIX,440.28,1776242355.9816
META,317.34,1776242356.7962
MICROSOFT,333.52,1776242357.603
AMAZON,118.52,1776242358.4035
MICROSOFT,341.33,1776242359.2193
APPLE,196.71,1776242360.0366
META,325.2,1776242360.8381
TESLA,266.98,1776242361.6547
MICROSOFT,345.1,1776242362.4565
AMAZON,119.01,1776242363.2648
NETFLIX,438.55,1776242364.0806
META,328.52,1776242364.895
TESLA,264.5,1776242365.705
AMAZON,118.4,1776242366.5157
AMAZON,122.04,1776242367.3278
NETFLIX,438.01,1776242368.1382
META,333.57,1776242368.953
GOOGLE,167.39,1776242369.7656
MICROSOFT,338.69,1776242370.5785
GOOGLE,162.48,1776242371.3933
APPLE,203.73,1776242372.2045
GOOGLE,156.78,1776242373.0135
MICROSOFT,334.58,1776242373.8366
GOOGLE,157.93,1776242374.6741
APPLE,199.05,1776242375.4827
GOOGLE,155.07,1776242376.2942
META,338.65,1776242377.095
GOOGLE,152.78,1776242377.8963
AMAZON,128.36,1776242378.7103
META,335.13,1776242379.5253
GOOGLE,155.51,1776242380.3365
GOOGLE,161.5,1776242381.1485
APPLE,193.95,1776242382.0307
AMAZON,134.89,1776242382.8485
APPLE,193.13,1776242383.6766
META,334.04,1776242384.5184
AMAZON,133.05,1776242385.3243
META,335.72,1776242386.1372
AMAZON,126.75,1776242386.9389
APPLE,200.3,1776242387.7504
NETFLIX,443.81,1776242388.5665
APPLE,207.06,1776242389.3793
META,335.88,1776242390.1891
APPLE,205.05,1776242391.0048
AMAZON,132.51,1776242391.8204
AMAZON,139.5,1776242392.639
MICROSOFT,337.95,1776242393.4517
AMAZON,137.17,1776242394.2823
TESLA,259.77,1776242395.0899
META,340.06,1776242395.8949
AMAZON,131.81,1776242396.7077
APPLE,212.2,1776242397.5107
AMAZON,131.67,1776242398.3166
GOOGLE,161.34,1776242399.1335
GOOGLE,159.76,1776242399.9385
META,342.46,1776242400.7429
NETFLIX,446.29,1776242401.5476
AMAZON,136.69,1776242402.3566
GOOGLE,158.36,1776242403.1674
META,349.3,1776242403.9788
NETFLIX,444.03,1776242404.7837
META,344.5,1776242405.5966
TESLA,260.26,1776242406.424
TESLA,261.17,1776242407.2296
GOOGLE,162.25,1776242408.0352
APPLE,218.95,1776242408.8418
APPLE,221.15,1776242409.6476
APPLE,215.74,1776242410.4604
NETFLIX,447.83,1776242411.276
APPLE,211.98,1776242412.0861
GOOGLE,167.34,1776242412.888
AMAZON,143.25,1776242413.7034
TESLA,254.67,1776242414.5206
GOOGLE,165.64,1776242415.3625
AMAZON,141.03,1776242416.165
APPLE,210.35,1776242416.9672
META,339.34,1776242417.7757
NETFLIX,447.66,1776242418.6216
NETFLIX,442.36,1776242419.4774
GOOGLE,162.49,1776242420.2954
META,341.86,1776242421.2288
APPLE,217.5,1776242422.1092
MICROSOFT,331.81,1776242422.9287
APPLE,222.88,1776242423.758
TESLA,253.3,1776242424.5758
GOOGLE,168.73,1776242425.4842
NETFLIX,440.27,1776242426.3585
AMAZON,143.8,1776242427.2481
TESLA,248.48,1776242428.1432
TESLA,250.66,1776242428.9836
NETFLIX,448.25,1776242429.8807
META,344.22,1776242430.769
APPLE,218.26,1776242431.68
NETFLIX,446.65,1776242432.5265
GOOGLE,164.82,1776242433.3428
META,350.81,1776242434.2469
NETFLIX,450.51,1776242435.0984
AMAZON,143.61,1776242436.0723
META,357.45,1776242436.943
TESLA,253.85,1776242437.7794
GOOGLE,167.58,1776242438.7484
TESLA,258.82,1776242439.5842
AMAZON,144.14,1776242440.4397
APPLE,220.67,1776242441.2585
META,351.09,1776242442.1018
NETFLIX,457.63,1776242442.9472
GOOGLE,174.46,1776242443.833
APPLE,214.65,1776242444.7071
TESLA,254.07,1776242445.6481
NETFLIX,454.48,1776242446.5268
GOOGLE,179.3,1776242447.3448
MICROSOFT,332.2,1776242448.2224
APPLE,211.72,1776242449.0555
TESLA,261.53,1776242449.8931
META,350.69,1776242450.7374
AMAZON,140.99,1776242451.5573
AMAZON,149.0,1776242452.3711
NETFLIX,461.36,1776242453.1971
META,348.16,1776242454.0154
META,347.75,1776242454.8637
GOOGLE,180.15,1776242455.7124
META,352.11,1776242456.5577
NETFLIX,463.7,1776242457.3852
AMAZON,149.36,1776242458.2039
NETFLIX,457.42,1776242459.0708
TESLA,266.29,1776242459.883
GOOGLE,185.88,1776242460.6961
AMAZON,146.41,1776242461.5198
GOOGLE,187.25,1776242462.3321
TESLA,263.32,1776242463.1579
GOOGLE,193.53,1776242464.009
GOOGLE,201.43,1776242464.8579
NETFLIX,454.12,1776242465.6688
MICROSOFT,325.74,1776242466.4857
NETFLIX,459.47,1776242467.3065
TESLA,261.72,1776242468.1426
MICROSOFT,320.74,1776242468.9722
GOOGLE,201.13,1776242469.7807
AMAZON,143.06,1776242470.6398
GOOGLE,205.6,1776242471.4914
NETFLIX,467.73,1776242472.3387
META,353.01,1776242473.2113
GOOGLE,210.68,1776242474.1041
META,350.41,1776242474.9473
TESLA,266.29,1776242475.8341
TESLA,264.22,1776242476.6901
NETFLIX,469.05,1776242477.5682
NETFLIX,471.59,1776242478.4478
GOOGLE,216.84,1776242479.3122
TESLA,264.61,1776242480.2962
APPLE,211.25,1776242481.1222
META,345.62,1776242482.0477
MICROSOFT,325.22,1776242482.9196
APPLE,208.1,1776242483.7641
APPLE,212.99,1776242484.607
APPLE,212.14,1776242485.5379
APPLE,215.21,1776242486.3531
META,343.75,1776242487.1819
APPLE,216.54,1776242488.0496
GOOGLE,213.0,1776242488.8612
MICROSOFT,328.58,1776242489.6728
MICROSOFT,325.22,1776242490.5015
NETFLIX,479.13,1776242491.3742
NETFLIX,479.36,1776242492.1941
GOOGLE,213.57,1776242493.0267
NETFLIX,478.82,1776242493.8609
NETFLIX,478.3,1776242494.6744
GOOGLE,221.19,1776242495.4888
NETFLIX,477.94,1776242496.3132
GOOGLE,222.92,1776242497.1543
APPLE,223.68,1776242498.0524
GOOGLE,227.94,1776242498.9797
AMAZON,138.14,1776242499.7978
AMAZON,134.45,1776242500.6077
APPLE,219.06,1776242501.4243
NETFLIX,474.83,1776242502.2357
TESLA,259.93,1776242503.0781
META,347.22,1776242503.9001
META,348.94,1776242504.7457
META,345.45,1776242505.593
GOOGLE,232.95,1776242506.4545
MICROSOFT,328.44,1776242507.285
APPLE,226.65,1776242508.1282
NETFLIX,475.34,1776242508.9906
NETFLIX,481.74,1776242509.7976
NETFLIX,486.56,1776242510.6391
META,339.19,1776242511.4803
APPLE,221.49,1776242512.2829
META,336.86,1776242513.0883
GOOGLE,240.31,1776242513.9042
AMAZON,137.71,1776242514.7479
META,344.59,1776242515.5574
GOOGLE,234.54,1776242516.4042
AMAZON,144.19,1776242517.2163
MICROSOFT,322.4,1776242518.0342
APPLE,226.0,1776242518.8437
META,338.83,1776242519.646
META,344.68,1776242520.4628
GOOGLE,232.43,1776242521.2931
META,341.79,1776242522.1093
APPLE,220.28,1776242522.9226
TESLA,261.52,1776242523.7417
GOOGLE,227.75,1776242524.5568
MICROSOFT,318.64,1776242525.3902
GOOGLE,224.53,1776242526.2659
META,349.74,1776242527.0838
AMAZON,138.84,1776242527.9152
APPLE,220.54,1776242528.8355
MICROSOFT,327.05,1776242529.6584
GOOGLE,221.44,1776242530.4795
TESLA,267.14,1776242531.2936
NETFLIX,486.8,1776242532.1003
APPLE,225.61,1776242532.9023
MICROSOFT,328.41,1776242533.7101
MICROSOFT,331.9,1776242534.5256
APPLE,224.2,1776242535.339
MICROSOFT,327.19,1776242536.153
GOOGLE,223.93,1776242536.9673
GOOGLE,229.73,1776242537.7933
AMAZON,145.6,1776242538.622
TESLA,274.99,1776242539.4326
TESLA,274.44,1776242540.2327
META,357.85,1776242541.0514
TESLA,278.36,1776242541.868
GOOGLE,233.36,1776242542.6834
TESLA,280.6,1776242543.4845
META,361.08,1776242544.296
NETFLIX,490.23,1776242545.0978
GOOGLE,237.75,1776242545.8988
TESLA,285.19,1776242546.7009
APPLE,226.47,1776242547.5146
TESLA,281.99,1776242548.3289
NETFLIX,490.68,1776242549.1593
TESLA,289.13,1776242549.9644
APPLE,221.78,1776242550.7942
GOOGLE,243.58,1776242551.6102
META,366.01,1776242552.4239
MICROSOFT,332.22,1776242553.2262
TESLA,294.48,1776242554.0414
TESLA,293.97,1776242554.856
APPLE,228.05,1776242555.667
NETFLIX,490.74,1776242556.4709
APPLE,230.5,1776242557.284
NETFLIX,491.84,1776242558.0978
AMAZON,141.3,1776242558.8991
MICROSOFT,335.92,1776242559.7139
MICROSOFT,342.87,1776242560.5282
TESLA,296.17,1776242561.349
TESLA,301.79,1776242562.1618
META,372.41,1776242562.962
APPLE,233.21,1776242563.7869
APPLE,227.15,1776242564.5958
APPLE,225.98,1776242565.4131
MICROSOFT,350.66,1776242566.217
META,370.81,1776242567.0297
META,374.42,1776242567.8453
NETFLIX,496.64,1776242568.6577
GOOGLE,243.54,1776242569.4826
APPLE,229.92,1776242570.2983
NETFLIX,502.63,1776242571.1052
APPLE,232.74,1776242571.909
MICROSOFT,350.86,1776242572.7121
NETFLIX,506.53,1776242573.5239
TESLA,306.8,1776242574.3356
MICROSOFT,349.22,1776242575.1482
TESLA,303.16,1776242575.9593
AMAZON,135.13,1776242576.775
GOOGLE,240.31,1776242577.6281
MICROSOFT,351.26,1776242578.4402
APPLE,235.73,1776242579.2524
AMAZON,136.48,1776242580.0836
AMAZON,143.65,1776242580.8867
TESLA,308.79,1776242581.7007
GOOGLE,234.59,1776242582.5128
AMAZON,139.36,1776242583.3621
APPLE,230.52,1776242584.1765
NETFLIX,512.33,1776242584.9817
GOOGLE,235.34,1776242585.7946
APPLE,236.78,1776242586.5957
AMAZON,141.83,1776242587.3961
TESLA,308.97,1776242588.2071
GOOGLE,240.78,1776242589.0208
NETFLIX,517.48,1776242589.8364
APPLE,232.78,1776242590.6507
GOOGLE,240.73,1776242591.4654
MICROSOFT,355.79,1776242592.2754
NETFLIX,513.56,1776242593.0872
MICROSOFT,353.04,1776242593.8981
GOOGLE,237.55,1776242594.7285
APPLE,233.83,1776242595.5342
APPLE,240.84,1776242596.3735
MICROSOFT,350.54,1776242597.1754
GOOGLE,242.09,1776242597.987
TESLA,314.62,1776242598.7942
GOOGLE,245.66,1776242599.6103
TESLA,319.29,1776242600.5287
GOOGLE,243.02,1776242601.3967
TESLA,324.06,1776242602.251
GOOGLE,251.25,1776242603.0583
GOOGLE,249.91,1776242603.8705
APPLE,239.71,1776242604.683
APPLE,240.8,1776242605.5115
AMAZON,140.04,1776242606.3205
APPLE,237.83,1776242607.1455
META,379.73,1776242607.9555
APPLE,233.41,1776242608.7992
GOOGLE,252.72,1776242609.6107
NETFLIX,517.21,1776242610.4302
GOOGLE,256.18,1776242611.2428
NETFLIX,522.77,1776242612.1001
TESLA,327.94,1776242612.9145
AMAZON,138.51,1776242613.7379
META,375.69,1776242614.5785
META,370.81,1776242615.4122
AMAZON,134.63,1776242616.2284
GOOGLE,259.29,1776242617.0432
GOOGLE,266.08,1776242617.8762
META,364.84,1776242618.69
TESLA,322.51,1776242619.5087
GOOGLE,271.57,1776242620.3337
APPLE,231.12,1776242621.1775
GOOGLE,268.87,1776242622.0082
AMAZON,135.03,1776242622.8202
NETFLIX,527.78,1776242623.627
APPLE,227.19,1776242624.4525
GOOGLE,266.23,1776242625.2683
META,363.47,1776242626.1022
META,371.11,1776242626.9425
TESLA,329.39,1776242627.7543
APPLE,222.05,1776242628.5785
NETFLIX,522.48,1776242629.4035
GOOGLE,267.17,1776242630.2735
META,373.77,1776242631.0879
GOOGLE,272.59,1776242631.9164
APPLE,228.1,1776242632.7388
MICROSOFT,358.73,1776242633.5544
TESLA,337.44,1776242634.3744
APPLE,226.52,1776242635.2017
AMAZON,141.98,1776242636.016
APPLE,230.48,1776242636.8365
AMAZON,148.55,1776242637.6684
TESLA,336.02,1776242638.4891
MICROSOFT,353.43,1776242639.3234
GOOGLE,277.9,1776242640.1579
TESLA,341.53,1776242640.9805
GOOGLE,274.82,1776242641.8116
GOOGLE,277.56,1776242642.6295
META,372.72,1776242643.4469
TESLA,349.61,1776242644.3121
APPLE,230.0,1776242645.153
APPLE,235.43,1776242645.979
APPLE,232.46,1776242646.7827
GOOGLE,274.77,1776242647.584
GOOGLE,278.62,1776242648.3856
